INSERT INTO public.compras (cod_compra, vlr_compra, quantidade, dta_pedido, forma_pagamento, dta_pagamento, status_pagamento, dta_envio, status_envio)
VALUES(1, 90.00, 10, now(), 'CREDITO', (select now() + interval '1 day'), 'PAGO', (select now() + interval '10 day'), 'ENTREGUE');
INSERT INTO public.compras (cod_compra, vlr_compra, quantidade, dta_pedido, forma_pagamento, dta_pagamento, status_pagamento, dta_envio, status_envio)
VALUES(2, 120.00, 10, now(), 'BOLETO', (select now() + interval '1 day'), 'PAGO', (select now() + interval '10 day'), 'ENTREGUE');
INSERT INTO public.compras (cod_compra, vlr_compra, quantidade, dta_pedido, forma_pagamento, dta_pagamento, status_pagamento, dta_envio, status_envio)
VALUES(2, 80.00, 10, now(), 'BOLETO', (select now() + interval '1 day'), 'PAGO', (select now() + interval '10 day'), 'ENTREGUE');
INSERT INTO public.compras (cod_compra, vlr_compra, quantidade, dta_pedido, forma_pagamento, dta_pagamento, status_pagamento, dta_envio, status_envio)
VALUES(3, 40.00, 10, now(), 'BOLETO', (select now() + interval '1 day'), 'PAGO', (select now() + interval '10 day'), 'ENTREGUE');
INSERT INTO public.compras (cod_compra, vlr_compra, quantidade, dta_pedido, forma_pagamento, dta_pagamento, status_pagamento, dta_envio, status_envio)
VALUES(4, 90.00, 10, now(), 'CREDITO', (select now() + interval '1 day'), 'PAGO', (select now() + interval '10 day'), 'ENTREGUE');
INSERT INTO public.compras (cod_compra, vlr_compra, quantidade, dta_pedido, forma_pagamento, dta_pagamento, status_pagamento, dta_envio, status_envio)
VALUES(5, 90.00, 10, now(), 'CREDITO', (select now() + interval '1 day'), 'PAGO', (select now() + interval '10 day'), 'ENTREGUE');
INSERT INTO public.compras (cod_compra, vlr_compra, quantidade, dta_pedido, forma_pagamento, dta_pagamento, status_pagamento, dta_envio, status_envio)
VALUES(5, 90.00, 10, now(), 'CREDITO', (select now() + interval '1 day'), 'PAGO', (select now() + interval '10 day'), 'ENTREGUE');
INSERT INTO public.compras (cod_compra, vlr_compra, quantidade, dta_pedido, forma_pagamento, dta_pagamento, status_pagamento, dta_envio, status_envio)
VALUES(6, 90.00, 10, now(), 'BOLETO', (select now() + interval '1 day'), 'PAGO', (select now() + interval '10 day'), 'ENTREGUE');
INSERT INTO public.compras (cod_compra, vlr_compra, quantidade, dta_pedido, forma_pagamento, dta_pagamento, status_pagamento, dta_envio, status_envio)
VALUES(6, 90.00, 10, now(), 'BOLETO', (select now() + interval '1 day'), 'PAGO', (select now() + interval '10 day'), 'ENTREGUE');
INSERT INTO public.compras (cod_compra, vlr_compra, quantidade, dta_pedido, forma_pagamento, dta_pagamento, status_pagamento, dta_envio, status_envio)
VALUES(7, 90.00, 10, now(), 'BOLETO', (select now() + interval '1 day'), 'PAGO', (select now() + interval '10 day'), 'ENTREGUE');
INSERT INTO public.compras (cod_compra, vlr_compra, quantidade, dta_pedido, forma_pagamento, dta_pagamento, status_pagamento, dta_envio, status_envio)
VALUES(8, 90.00, 10, now(), 'BOLETO', (select now() + interval '1 day'), 'PAGO', (select now() + interval '10 day'), 'ENTREGUE');
INSERT INTO public.compras (cod_compra, vlr_compra, quantidade, dta_pedido, forma_pagamento, dta_pagamento, status_pagamento, dta_envio, status_envio)
VALUES(9, 90.00, 10, now(), 'BOLETO', (select now() + interval '1 day'), 'PAGO', (select now() + interval '10 day'), 'ENTREGUE');
INSERT INTO public.compras (cod_compra, vlr_compra, quantidade, dta_pedido, forma_pagamento, dta_pagamento, status_pagamento, dta_envio, status_envio)
VALUES(10, 90.00, 10, now(), 'CREDITO', NULL, 'PENDENTE', NULL, 'PENDENTE');
INSERT INTO public.compras (cod_compra, vlr_compra, quantidade, dta_pedido, forma_pagamento, dta_pagamento, status_pagamento, dta_envio, status_envio)
VALUES(11, 90.00, 10, now(), 'CREDITO', NULL, 'PENDENTE', NULL, 'PENDENTE');
INSERT INTO public.compras (cod_compra, vlr_compra, quantidade, dta_pedido, forma_pagamento, dta_pagamento, status_pagamento, dta_envio, status_envio)
VALUES(12, 90.00, 10, now(), 'CREDITO', NULL, 'PENDENTE', NULL, 'PENDENTE');
INSERT INTO public.compras (cod_compra, vlr_compra, quantidade, dta_pedido, forma_pagamento, dta_pagamento, status_pagamento, dta_envio, status_envio)
VALUES(13, 90.00, 10, now(), 'CREDITO', NULL, 'PENDENTE', NULL, 'PENDENTE');
INSERT INTO public.compras (cod_compra, vlr_compra, quantidade, dta_pedido, forma_pagamento, dta_pagamento, status_pagamento, dta_envio, status_envio)
VALUES(14, 90.00, 10, now(), 'CREDITO', NULL, 'PENDENTE', NULL, 'PENDENTE');
INSERT INTO public.compras (cod_compra, vlr_compra, quantidade, dta_pedido, forma_pagamento, dta_pagamento, status_pagamento, dta_envio, status_envio)
VALUES(15, 90.00, 10, now(), 'CREDITO', NULL, 'PENDENTE', NULL, 'PENDENTE');
INSERT INTO public.compras (cod_compra, vlr_compra, quantidade, dta_pedido, forma_pagamento, dta_pagamento, status_pagamento, dta_envio, status_envio)
VALUES(16, 90.00, 10, now(), 'CREDITO', (select now() + interval '1 day'), 'PAGO', NULL, 'PENDENTE');
INSERT INTO public.compras (cod_compra, vlr_compra, quantidade, dta_pedido, forma_pagamento, dta_pagamento, status_pagamento, dta_envio, status_envio)
VALUES(16, 90.00, 10, now(), 'CREDITO', (select now() + interval '1 day'), 'PAGO', NULL, 'PENDENTE');
INSERT INTO public.compras (cod_compra, vlr_compra, quantidade, dta_pedido, forma_pagamento, dta_pagamento, status_pagamento, dta_envio, status_envio)
VALUES(17, 90.00, 10, now(), 'CREDITO', (select now() + interval '1 day'), 'PAGO', NULL, 'PENDENTE');
INSERT INTO public.compras (cod_compra, vlr_compra, quantidade, dta_pedido, forma_pagamento, dta_pagamento, status_pagamento, dta_envio, status_envio)
VALUES(18, 90.00, 10, now(), 'CREDITO', (select now() + interval '1 day'), 'PAGO', NULL, 'PENDENTE');
INSERT INTO public.compras (cod_compra, vlr_compra, quantidade, dta_pedido, forma_pagamento, dta_pagamento, status_pagamento, dta_envio, status_envio)
VALUES(19, 90.00, 10, now(), 'CREDITO', (select now() + interval '1 day'), 'PAGO', NULL, 'PENDENTE');
INSERT INTO public.compras (cod_compra, vlr_compra, quantidade, dta_pedido, forma_pagamento, dta_pagamento, status_pagamento, dta_envio, status_envio)
VALUES(20, 90.00, 10, now(), 'CREDITO', (select now() + interval '1 day'), 'PAGO', NULL, 'PENDENTE');

INSERT INTO public.compras_usuario (id_compra, id_usuario) VALUES(1, 2);
INSERT INTO public.compras_usuario (id_compra, id_usuario) VALUES(2, 3);
INSERT INTO public.compras_usuario (id_compra, id_usuario) VALUES(3, 4);
INSERT INTO public.compras_usuario (id_compra, id_usuario) VALUES(4, 2);
INSERT INTO public.compras_usuario (id_compra, id_usuario) VALUES(5, 3);
INSERT INTO public.compras_usuario (id_compra, id_usuario) VALUES(6, 4);
INSERT INTO public.compras_usuario (id_compra, id_usuario) VALUES(7, 5);
INSERT INTO public.compras_usuario (id_compra, id_usuario) VALUES(8, 6);
INSERT INTO public.compras_usuario (id_compra, id_usuario) VALUES(9, 7);
INSERT INTO public.compras_usuario (id_compra, id_usuario) VALUES(10, 8);
INSERT INTO public.compras_usuario (id_compra, id_usuario) VALUES(11, 9);
INSERT INTO public.compras_usuario (id_compra, id_usuario) VALUES(12, 10);
INSERT INTO public.compras_usuario (id_compra, id_usuario) VALUES(13, 8);
INSERT INTO public.compras_usuario (id_compra, id_usuario) VALUES(14, 8);
INSERT INTO public.compras_usuario (id_compra, id_usuario) VALUES(15, 4);
INSERT INTO public.compras_usuario (id_compra, id_usuario) VALUES(16, 5);
INSERT INTO public.compras_usuario (id_compra, id_usuario) VALUES(17, 6);
INSERT INTO public.compras_usuario (id_compra, id_usuario) VALUES(18, 2);
INSERT INTO public.compras_usuario (id_compra, id_usuario) VALUES(19, 3);
INSERT INTO public.compras_usuario (id_compra, id_usuario) VALUES(20, 4);
INSERT INTO public.compras_usuario (id_compra, id_usuario) VALUES(21, 5);
INSERT INTO public.compras_usuario (id_compra, id_usuario) VALUES(22, 5);
INSERT INTO public.compras_usuario (id_compra, id_usuario) VALUES(23, 6);
INSERT INTO public.compras_usuario (id_compra, id_usuario) VALUES(24, 7);

INSERT INTO public.PRODUTOS_COMPRA (id_compra, id_produto) VALUES(1, 1);
INSERT INTO public.PRODUTOS_COMPRA (id_compra, id_produto) VALUES(2, 2);
INSERT INTO public.PRODUTOS_COMPRA (id_compra, id_produto) VALUES(3, 3);
INSERT INTO public.PRODUTOS_COMPRA (id_compra, id_produto) VALUES(4, 4);
INSERT INTO public.PRODUTOS_COMPRA (id_compra, id_produto) VALUES(5, 5);
INSERT INTO public.PRODUTOS_COMPRA (id_compra, id_produto) VALUES(6, 6);
INSERT INTO public.PRODUTOS_COMPRA (id_compra, id_produto) VALUES(7, 7);
INSERT INTO public.PRODUTOS_COMPRA (id_compra, id_produto) VALUES(8, 8);
INSERT INTO public.PRODUTOS_COMPRA (id_compra, id_produto) VALUES(9, 9);
INSERT INTO public.PRODUTOS_COMPRA (id_compra, id_produto) VALUES(10, 10);
INSERT INTO public.PRODUTOS_COMPRA (id_compra, id_produto) VALUES(11, 11);
INSERT INTO public.PRODUTOS_COMPRA (id_compra, id_produto) VALUES(12, 12);
INSERT INTO public.PRODUTOS_COMPRA (id_compra, id_produto) VALUES(13, 13);
INSERT INTO public.PRODUTOS_COMPRA (id_compra, id_produto) VALUES(14, 14);
INSERT INTO public.PRODUTOS_COMPRA (id_compra, id_produto) VALUES(15, 15);
INSERT INTO public.PRODUTOS_COMPRA (id_compra, id_produto) VALUES(16, 16);
INSERT INTO public.PRODUTOS_COMPRA (id_compra, id_produto) VALUES(17, 17);
INSERT INTO public.PRODUTOS_COMPRA (id_compra, id_produto) VALUES(18, 18);
INSERT INTO public.PRODUTOS_COMPRA (id_compra, id_produto) VALUES(19, 19);
INSERT INTO public.PRODUTOS_COMPRA (id_compra, id_produto) VALUES(20, 20);
INSERT INTO public.PRODUTOS_COMPRA (id_compra, id_produto) VALUES(21, 21);
INSERT INTO public.PRODUTOS_COMPRA (id_compra, id_produto) VALUES(22, 22);
INSERT INTO public.PRODUTOS_COMPRA (id_compra, id_produto) VALUES(23, 23);
INSERT INTO public.PRODUTOS_COMPRA (id_compra, id_produto) VALUES(24, 24);